[



    {
        "model": "assessmentTracker.Assessments",
        "pk": 1,
        "fields": {
            "username": "test_user",
            "title": "test_title1 ",
            "due_date": "2021-09-30",
            "content": "test_content1"
        }
    },
    {
        "model": "assessmentTracker.Assessments",
        "pk": 2,
        "fields": {
            "username": "test_user",
            "title": "test_title2",
            "due_date": "2021-12-09",
            "content": "test_content2"
        }



    },


    {
        "model": "assessmentTracker.Assessments",
        "pk": 3,
        "fields": {
            "username": "test_user",
            "title": "test_title3",
            "due_date": "2021-10-09",
            "content": "test_content3"
        }
    }




]